1,Waneta,Williams,Waneta_Williams@yahoo.com
2,Craig,Setzer,Craig.Setzer@yahoo.ca
3,Richard,Landry,Richard.Landry@custom_domain.ca
4,Frankie,Smallwood,Frankie_Smallwood@gmail.com
5,Guadalupe,Porraz,Guadalupe.Porraz@custom_domain.ca
6,Walter,Carter,Walter_Carter@gmail.ca
7,Kirk,Lopez,Kirk_Lopez@gmail.ca
8,Cecil,Kent,Cecil_Kent@custom_domain.ca
9,Frank,Edwards,Frank.Edwards@yahoo.ca
10,Timothy,Hall,Timothy.Hall@custom_domain.ca
11,Joseph,Carlson,Joseph.Carlson@gmail.com
12,Walter,Krafft,Walter.Krafft@yahoo.ca
13,Mary,Garcia,Mary_Garcia@yahoo.com
14,William,Eaves,William.Eaves@gmail.com
15,Vera,Holzer,Vera_Holzer@yahoo.com
16,Jeannine,Kramer,Jeannine_Kramer@yahoo.ca
17,Kim,Stewart,Kim.Stewart@gmail.com
18,Brenda,Aranda,Brenda_Aranda@gmail.com
19,Annie,Blake,Annie.Blake@gmail.ca
20,Stephany,Salgado,Stephany.Salgado@gmail.com
21,Sherri,Enz,Sherri.Enz@gmail.com
22,Debra,Montgomery,Debra.Montgomery@gmail.com
23,Darlene,Garcia,Darlene.Garcia@gmail.ca
24,Richard,Newman,Richard_Newman@gmail.com
25,Teodora,Stephens,Teodora_Stephens@gmail.com
26,John,Buckner,John_Buckner@gmail.ca
27,Cameron,Johnson,Cameron.Johnson@gmail.ca
28,Otis,Bates,Otis_Bates@gmail.com
29,John,Eller,John_Eller@yahoo.ca
30,Sharon,Crist,Sharon.Crist@yahoo.com
31,Carmen,Harman,Carmen_Harman@yahoo.ca
32,Lucy,Ryan,Lucy.Ryan@gmail.com
33,Vincent,Brown,Vincent.Brown@yahoo.com
34,Steven,Pulley,Steven.Pulley@custom_domain.ca
35,William,Parker,William.Parker@yahoo.ca
36,Matthew,Hall,Matthew.Hall@custom_domain.ca
